[
    {
        "id": 1,
        "name": "Cyberpunk Odyssey",
        "price": 59.99,
        "discount": 20,
        "category": "Action",
        "short_description": "Futuristic open-world RPG",
        "long_description": "Immerse yourself in a dystopian future where technology and humanity collide. Explore vast cities, customize your cybernetic enhancements, and shape the story through your choices.",
        "image": "assets/images/game1.jpg",
        "developer": "Neon Studios",
        "publisher": "Digital Dreams",
        "release_date": "2023-10-15",
        "platforms": ["PC", "PS5", "Xbox Series X"],
        "rating": 4.7,
        "features": ["Open World", "Character Customization", "Multiple Endings", "Online Co-op"]
    },
    {
        "id": 2,
        "name": "Kingdom of Eldoria",
        "price": 49.99,
        "discount": 0,
        "category": "RPG",
        "short_description": "Epic fantasy adventure",
        "long_description": "Embark on a quest through magical realms, battle mythical creatures, and uncover ancient secrets in this expansive fantasy RPG.",
        "image": "assets/images/game2.jpg",
        "developer": "Fantasy Forge",
        "publisher": "Epic Games",
        "release_date": "2023-08-22",
        "platforms": ["PC", "PS5", "Switch"],
        "rating": 4.5,
        "features": ["Fantasy World", "Magic System", "Companion System", "Side Quests"]
    },
    {
        "id": 3,
        "name": "Racing Revolution",
        "price": 39.99,
        "discount": 15,
        "category": "Racing",
        "short_description": "Ultimate racing simulation",
        "long_description": "Experience hyper-realistic racing physics, customize hundreds of cars, and compete on tracks around the world.",
        "image": "assets/images/game3.jpg",
        "developer": "Speed Studios",
        "publisher": "Velocity Games",
        "release_date": "2023-11-05",
        "platforms": ["PC", "PS5", "Xbox Series X"],
        "rating": 4.3,
        "features": ["Realistic Physics", "Car Customization", "Online Multiplayer", "Dynamic Weather"]
    },
    {
        "id": 4,
        "name": "Space Explorers",
        "price": 34.99,
        "discount": 30,
        "category": "Adventure",
        "short_description": "Interstellar exploration game",
        "long_description": "Build your spaceship, discover new planets, encounter alien civilizations, and unravel cosmic mysteries.",
        "image": "assets/images/game4.jpg",
        "developer": "Cosmic Games",
        "publisher": "Stellar Interactive",
        "release_date": "2023-06-18",
        "platforms": ["PC", "PS4", "Xbox One"],
        "rating": 4.6,
        "features": ["Space Exploration", "Base Building", "Alien Diplomacy", "Resource Management"]
    },
    {
        "id": 5,
        "name": "Sports Championship 2024",
        "price": 69.99,
        "discount": 10,
        "category": "Sports",
        "short_description": "Complete sports collection",
        "long_description": "Play your favorite sports with realistic gameplay, official teams and players, and multiple game modes.",
        "image": "assets/images/game5.jpg",
        "developer": "Sports Interactive",
        "publisher": "Global Sports",
        "release_date": "2023-09-12",
        "platforms": ["PC", "PS5", "Xbox Series X", "Switch"],
        "rating": 4.4,
        "features": ["Multiple Sports", "Career Mode", "Online Tournaments", "Real Players"]
    },
    {
        "id": 6,
        "name": "Shadow Strike: Tactical Ops",
        "price": 44.99,
        "discount": 25,
        "category": "Shooter",
        "short_description": "Intense tactical first-person shooter",
        "long_description": "Lead an elite special forces team through covert missions around the globe. Featuring realistic ballistics, advanced AI, and deep tactical gameplay.",
        "image": "assets/images/game6.jpg",
        "developer": "Tactical Games Inc.",
        "publisher": "Military Simulations",
        "release_date": "2023-07-28",
        "platforms": ["PC", "PS5", "Xbox Series X"],
        "rating": 4.2,
        "features": ["Tactical Gameplay", "Team Management", "Weapon Customization", "Co-op Campaign"]
    },
    {
        "id": 7,
        "name": "Empire Builders: Medieval",
        "price": 54.99,
        "discount": 0,
        "category": "Strategy",
        "short_description": "Historical empire-building strategy",
        "long_description": "Build your medieval empire from a small village to a powerful kingdom. Manage resources, wage wars, form alliances, and write your own history.",
        "image": "assets/images/game7.jpg",
        "developer": "Strategy Masters",
        "publisher": "Historical Games",
        "release_date": "2024-01-15",
        "platforms": ["PC", "Mac", "Linux"],
        "rating": 4.8,
        "features": ["City Building", "Diplomacy System", "Historical Accuracy", "Mod Support"]
    },
    {
        "id": 8,
        "name": "Virtual Life Simulator",
        "price": 29.99,
        "discount": 40,
        "category": "Simulation",
        "short_description": "Ultimate life simulation experience",
        "long_description": "Create your virtual avatar, choose a career, build relationships, and experience life's ups and downs in this incredibly detailed simulation.",
        "image": "assets/images/game8.jpg",
        "developer": "Simulation Studios",
        "publisher": "Life Games",
        "release_date": "2023-05-10",
        "platforms": ["PC", "PS5", "Xbox Series X", "Switch"],
        "rating": 4.1,
        "features": ["Character Creation", "Career Paths", "Social System", "Open-Ended Gameplay"]
    },
    {
        "id": 9,
        "name": "Echoes of Fear",
        "price": 39.99,
        "discount": 20,
        "category": "Horror",
        "short_description": "Psychological horror survival",
        "long_description": "Explore an abandoned asylum haunted by its dark past. Solve puzzles, avoid terrifying entities, and uncover the truth behind the mysterious disappearances.",
        "image": "assets/images/game9.jpg",
        "developer": "Horror Factory",
        "publisher": "Nightmare Games",
        "release_date": "2023-10-31",
        "platforms": ["PC", "PS5", "Xbox Series X"],
        "rating": 4.6,
        "features": ["Atmospheric Horror", "Puzzle Solving", "Stealth Mechanics", "Multiple Endings"]
    },
    {
        "id": 10,
        "name": ":Pixel Quest Retro Adventure",
        "price": 19.99,
        "discount": 50,
        "category": "Indie",
        "short_description": "Charming pixel-art adventure",
        "long_description": "Embark on a nostalgic journey through pixelated landscapes in this heartwarming indie adventure. Meet quirky characters, solve creative puzzles, and uncover secrets.",
        "image": "assets/images/game10.jpg",
        "developer": "Indie Dreamers",
        "publisher": "Pixel Perfect Games",
        "release_date": "2023-04-22",
        "platforms": ["PC", "Switch", "Mobile"],
        "rating": 4.9,
        "features": ["Pixel Art Style", "Charming Story", "Creative Puzzles", "Original Soundtrack"]
    },
    {
        "id": 11,
        "name": "Galactic Conquest",
        "price": 64.99,
        "discount": 15,
        "category": "Strategy",
        "short_description": "4X space strategy epic",
        "long_description": "Expand your interstellar empire through exploration, expansion, exploitation, and extermination. Manage multiple star systems, research technologies, and conquer the galaxy.",
        "image": "assets/images/game11.jpg",
        "developer": "Cosmic Strategy",
        "publisher": "Space Games Studio",
        "release_date": "2024-02-28",
        "platforms": ["PC", "Mac"],
        "rating": 4.7,
        "features": ["4X Gameplay", "Multiple Alien Races", "Diplomacy System", "Epic Space Battles"]
    },
    {
        "id": 12,
        "name": "Mythical Creatures Zoo",
        "price": 37.99,
        "discount": 10,
        "category": "Simulation",
        "short_description": "Build and manage a zoo for magical creatures",
        "long_description": "Create the ultimate sanctuary for mythical beasts! Design habitats, care for dragons, unicorns, and other magical creatures, and attract visitors from around the world.",
        "image": "assets/images/game12.jpg",
        "developer": "Fantasy Simulations",
        "publisher": "Magic Games",
        "release_date": "2023-08-05",
        "platforms": ["PC", "PS5", "Xbox Series X", "Switch"],
        "rating": 4.4,
        "features": ["Creature Management", "Habitat Design", "Visitor Management", "Mythical Research"]
    },
    {
        "id": 13,
        "name": "Neon Streets: Cyber Runner",
        "price": 24.99,
        "discount": 60,
        "category": "Action",
        "short_description": "Fast-paced cyberpunk parkour",
        "long_description": "Navigate the neon-lit streets of a futuristic metropolis as a cyber-enhanced runner. Perform incredible parkour moves, complete heists, and outsmart corporate security.",
        "image": "assets/images/game13.jpg",
        "developer": "Neon Games",
        "publisher": "Urban Interactive",
        "release_date": "2023-03-18",
        "platforms": ["PC", "PS4", "Xbox One", "Switch"],
        "rating": 4.3,
        "features": ["Parkour Movement", "Cyberpunk Setting", "Quick Missions", "Style System"]
    },
    {
        "id": 14,
        "name": "Dragon's Legacy MMORPG",
        "price": 0.00,
        "discount": 0,
        "category": "RPG",
        "short_description": "Free-to-play fantasy MMORPG",
        "long_description": "Join thousands of players in a vast fantasy world filled with dragons, magic, and adventure. Choose your class, form guilds, complete epic raids, and leave your mark on the world.",
        "image": "assets/images/game14.jpg",
        "developer": "MMO Studios",
        "publisher": "Online Games Network",
        "release_date": "2023-12-01",
        "platforms": ["PC"],
        "rating": 4.5,
        "features": ["Massive World", "Multiple Classes", "Guild System", "Regular Content Updates"]
    },
    {
        "id": 15,
        "name": "Puzzle Dimensions",
        "price": 14.99,
        "discount": 70,
        "category": "Puzzle",
        "short_description": "Mind-bending dimensional puzzles",
        "long_description": "Manipulate space and dimensions to solve increasingly complex puzzles. Each level introduces new mechanics that challenge your perception and problem-solving skills.",
        "image": "assets/images/game15.jpg",
        "developer": "Brain Games",
        "publisher": "Puzzle Masters",
        "release_date": "2023-02-10",
        "platforms": ["PC", "Switch", "Mobile"],
        "rating": 4.8,
        "features": ["Innovative Puzzles", "Dimensional Mechanics", "Minimalist Design", "Relaxing Atmosphere"]
    },
    {
        "id": 16,
        "name": "Cyberpunk 2077",
        "price": 59.99,
        "discount": 20,
        "category": "Action",
        "short_description": "Open-world RPG set in Night City",
        "long_description": "Explore Night City, a megalopolis obsessed with power, glamor and body modification. You play as V, a mercenary outlaw going after a one-of-a-kind implant that is the key to immortality.",
        "image": "assets/images/game16.jpg",
        "developer": "CD Projekt Red",
        "publisher": "CD Projekt",
        "release_date": "2020-12-10",
        "platforms": ["PC", "PS5", "Xbox Series X", "PS4", "Xbox One"],
        "rating": 4.3,
        "features": ["Open World", "Cyberpunk Setting", "Multiple Endings", "Character Customization"]
    },
    {
        "id": 17,
        "name": "FIFA 24",
        "price": 69.99,
        "discount": 10,
        "category": "Sports",
        "short_description": "Latest football simulation game",
        "long_description": "Experience the world's game with the most realistic football simulation. Play with your favorite clubs and players in various game modes.",
        "image": "assets/images/game17.jpg",
        "developer": "EA Sports",
        "publisher": "Electronic Arts",
        "release_date": "2023-09-29",
        "platforms": ["PC", "PS5", "Xbox Series X", "PS4", "Xbox One", "Switch"],
        "rating": 4.2,
        "features": ["Real Football Simulation", "Career Mode", "Ultimate Team", "Women's Football"]
    },
    {
        "id": 18,
        "name": "The Legend of Zelda: Tears of the Kingdom",
        "price": 59.99,
        "discount": 0,
        "category": "Adventure",
        "short_description": "Epic adventure in Hyrule",
        "long_description": "An epic adventure across the land and skies of Hyrule awaits in The Legend of Zelda: Tears of the Kingdom. The story is yours to create in a world fueled by your imagination.",
        "image": "assets/images/game18.jpg",
        "developer": "Nintendo",
        "publisher": "Nintendo",
        "release_date": "2023-05-12",
        "platforms": ["Switch"],
        "rating": 4.9,
        "features": ["Open World Adventure", "Creative Building", "Sky Exploration", "Dungeon Puzzles"]
    },
    {
        "id": 19,
        "name": "Call of Duty: Modern Warfare III",
        "price": 69.99,
        "discount": 15,
        "category": "Shooter",
        "short_description": "First-person military shooter",
        "long_description": "The ultimate threat has returned. Prepare to go dark with the return of Task Force 141 in the most expansive Call of Duty game to date.",
        "image": "assets/images/game19.jpg",
        "developer": "Sledgehammer Games",
        "publisher": "Activision",
        "release_date": "2023-11-10",
        "platforms": ["PC", "PS5", "Xbox Series X", "PS4", "Xbox One"],
        "rating": 4.1,
        "features": ["Campaign Mode", "Multiplayer", "Zombies", "Warzone Integration"]
    },
    {
        "id": 20,
        "name": "Elden Ring",
        "price": 59.99,
        "discount": 0,
        "category": "RPG",
        "short_description": "Action RPG from FromSoftware",
        "long_description": "Rise, Tarnished, and be guided by grace to brandish the power of the Elden Ring and become an Elden Lord in the Lands Between.",
        "image": "assets/images/game20.jpg",
        "developer": "FromSoftware",
        "publisher": "Bandai Namco Entertainment",
        "release_date": "2022-02-25",
        "platforms": ["PC", "PS5", "Xbox Series X", "PS4", "Xbox One"],
        "rating": 4.8,
        "features": ["Open World", "Souls-like Gameplay", "Character Customization", "Multiplayer"]
    }
]